window_label,opportunity_regime,profiles,avg_distinct_reachable_audio_languages,avg_distinct_consumed_audio_languages,avg_top_consumed_language_watch_share,avg_opportunity_top_language_day_share,avg_consumed_language_hhi,avg_opportunity_language_hhi_days,avg_consumed_minus_opportunity_top_day_share_pp,avg_consumed_minus_opportunity_hhi_days,hhi_valid_profiles,profiles_consumption_more_concentrated_days,avg_qualified_watch_hours,avg_active_days
BASELINE_90,ALL_REGIMES,8761,9.9781,4.4445,0.6242,0.3098,0.503,0.1802,31.4341,0.3227,8761,8711,37.6772,27.5572
BASELINE_90,MIXED_ACCESS,275,10.0,4.6727,0.6298,0.2906,0.5033,0.1718,33.9153,0.3315,275,274,45.1585,30.8145
BASELINE_90,STABLE_BROAD,6087,10.0,4.877,0.573,0.2624,0.4434,0.1555,31.055,0.2879,6087,6077,37.5421,27.7779
BASELINE_90,STABLE_REGIONAL_Bengali,230,10.0,3.6913,0.7233,0.3751,0.6159,0.2052,34.8113,0.4107,230,228,51.6292,29.5696
BASELINE_90,STABLE_REGIONAL_Hindi,974,9.9959,3.0893,0.7916,0.4931,0.7009,0.2856,29.8502,0.4153,974,950,35.2767,27.1386
BASELINE_90,STABLE_REGIONAL_Kannada,185,9.0,3.5027,0.736,0.364,0.6295,0.2029,37.201,0.4266,185,183,41.0421,25.173
BASELINE_90,STABLE_REGIONAL_Malayalam,199,10.0,3.5126,0.7268,0.3792,0.6232,0.2093,34.768,0.4139,199,196,38.9749,25.0754
BASELINE_90,STABLE_REGIONAL_Marathi,225,10.0,3.7111,0.7021,0.3972,0.5888,0.2187,30.4889,0.3701,225,222,34.2676,26.4133
BASELINE_90,STABLE_REGIONAL_Tamil,341,9.9971,3.2581,0.7399,0.4121,0.6368,0.2265,32.7858,0.4103,341,336,33.2107,24.7947
BASELINE_90,STABLE_REGIONAL_Telugu,245,9.9918,3.3306,0.7299,0.3988,0.6308,0.2198,33.1195,0.411,245,245,34.8342,26.9061
FINAL_90,ALL_REGIMES,9762,9.8674,4.4344,0.646,0.3029,0.5267,0.1779,34.3143,0.3488,9762,9710,39.3563,26.1639
FINAL_90,MIXED_ACCESS,323,10.0,4.6161,0.675,0.2971,0.548,0.1762,37.7894,0.3717,323,322,43.1924,27.9907
FINAL_90,STABLE_BROAD,6834,10.0,4.8584,0.596,0.2554,0.4682,0.1541,34.0641,0.3142,6834,6821,40.2569,26.6276
FINAL_90,STABLE_REGIONAL_Bengali,223,10.0,3.6771,0.7408,0.3721,0.6337,0.2033,36.8692,0.4303,223,221,41.0935,26.3094
FINAL_90,STABLE_REGIONAL_Hindi,1074,9.0,3.0438,0.8096,0.485,0.7216,0.279,32.4555,0.4426,1074,1049,36.4235,24.8808
FINAL_90,STABLE_REGIONAL_Kannada,197,9.0,3.7056,0.7266,0.3643,0.6114,0.2029,36.2368,0.4086,197,196,41.0554,24.4822
FINAL_90,STABLE_REGIONAL_Malayalam,219,10.0,3.7489,0.7121,0.3741,0.6044,0.2063,33.7977,0.3981,219,216,33.8332,24.0731
FINAL_90,STABLE_REGIONAL_Marathi,244,9.9057,3.4549,0.7452,0.3988,0.6432,0.22,34.6363,0.4232,244,241,34.9376,24.9016
FINAL_90,STABLE_REGIONAL_Tamil,350,10.0,3.2286,0.7795,0.4122,0.6845,0.2266,36.7339,0.4579,350,347,35.0077,24.2
FINAL_90,STABLE_REGIONAL_Telugu,298,10.0,3.2987,0.7613,0.3906,0.6669,0.2141,37.0772,0.4528,298,297,35.477,24.0537
