group_type,group,profiles,avg_baseline_cross_origin_reachable_titles,avg_final_cross_origin_reachable_titles,avg_baseline_cross_origin_title_day_share,avg_final_cross_origin_title_day_share,avg_baseline_cross_origin_minute_share,avg_final_cross_origin_minute_share,avg_cross_origin_share_change,avg_final_new_origin_minute_share,pct_entered_new_origin_language,pct_cross_origin_share_increased,pct_stayed_only_in_baseline_anchor,avg_baseline_qualified_watch_hours,avg_final_qualified_watch_hours,avg_baseline_active_days,avg_final_active_days
POPULATION,ALL_PAIRED,8199,495.3661,542.499,0.6373,0.6469,0.3657,0.4848,0.1191,0.0849,67.5936,64.3493,9.4646,39.8964,42.7864,28.9022,28.1101
POPULATION,ANCHOR_70_PLUS,2985,409.4268,454.7578,0.5225,0.5371,0.1284,0.2805,0.1521,0.0987,61.3065,60.6365,22.9146,30.2537,33.3965,24.06,23.5588
POPULATION,ANCHOR_70_95,1957,541.5708,589.1901,0.6592,0.6697,0.1931,0.3727,0.1797,0.1037,71.3848,70.1584,5.6719,34.7315,37.3096,25.5212,24.7052
POPULATION,ANCHOR_95_100,1028,157.8648,198.8395,0.2624,0.2845,0.0053,0.1048,0.0995,0.0892,42.1206,42.5097,55.7393,21.7295,25.9471,21.2782,21.3765
ANCHOR_SHARE_BAND,0.15-0.20,1,518.0,561.0,0.573,0.5759,0.8016,0.7805,-0.021,0.0,0.0,0.0,0.0,105.8017,73.0419,57.0,47.0
ANCHOR_SHARE_BAND,0.20-0.25,42,409.7143,431.7381,0.775,0.7787,0.7639,0.7742,0.0103,0.0341,57.1429,61.9048,0.0,84.9681,90.111,46.0952,46.4048
ANCHOR_SHARE_BAND,0.25-0.30,151,512.2318,557.5166,0.7502,0.7535,0.7199,0.7554,0.0355,0.029,56.9536,58.2781,0.0,82.8281,87.9414,44.7219,44.4238
ANCHOR_SHARE_BAND,0.30-0.35,403,545.8164,598.9801,0.7242,0.7316,0.6727,0.7316,0.0589,0.0483,71.2159,66.005,0.0,78.2816,81.0391,44.6576,43.1489
ANCHOR_SHARE_BAND,0.35-0.40,596,540.4228,586.396,0.6959,0.7023,0.6244,0.692,0.0676,0.0558,72.651,71.3087,0.3356,73.9331,77.7986,41.7735,40.7164
ANCHOR_SHARE_BAND,0.40-0.45,670,542.3791,595.3254,0.6935,0.7018,0.575,0.6617,0.0866,0.0681,75.3731,70.1493,0.597,55.948,58.9613,36.2045,34.8836
ANCHOR_SHARE_BAND,0.45-0.50,716,543.1061,590.2402,0.7026,0.7107,0.526,0.63,0.104,0.0862,75.0,70.2514,0.9777,36.6961,38.9778,29.4358,28.7332
ANCHOR_SHARE_BAND,0.50-0.55,764,543.7788,592.9228,0.7073,0.7129,0.4767,0.5813,0.1046,0.0919,69.5026,65.1832,3.0105,29.5868,32.2581,25.9974,25.1571
ANCHOR_SHARE_BAND,0.55-0.60,642,537.0498,582.5358,0.6995,0.7061,0.426,0.5395,0.1135,0.0945,70.8723,63.7072,2.8037,26.6667,29.1029,24.1994,23.6885
ANCHOR_SHARE_BAND,0.60-0.65,625,563.1456,611.3744,0.7015,0.7082,0.375,0.5126,0.1376,0.0908,70.88,65.12,2.56,30.7436,32.4705,26.008,24.6192
ANCHOR_SHARE_BAND,0.65-0.70,604,559.2417,606.2368,0.6909,0.6965,0.3253,0.4606,0.1353,0.0787,68.0464,61.9205,3.6424,36.9391,39.5993,27.3576,26.543
ANCHOR_SHARE_BAND,0.70-0.75,545,570.0018,616.5615,0.6817,0.6909,0.2755,0.4194,0.1439,0.092,73.945,64.2202,3.6697,37.6328,41.0691,27.378,26.5193
ANCHOR_SHARE_BAND,0.75-0.80,468,560.7009,612.2564,0.6833,0.6913,0.2258,0.4014,0.1756,0.0936,70.5128,67.5214,5.3419,32.2572,34.2895,24.9722,24.2115
ANCHOR_SHARE_BAND,0.80-0.85,364,563.5907,613.9176,0.6833,0.6932,0.1741,0.3694,0.1954,0.0961,69.7802,71.7033,7.4176,32.9633,34.7058,24.5797,23.6676
ANCHOR_SHARE_BAND,0.85-0.90,305,533.0459,583.118,0.6511,0.6655,0.1247,0.3415,0.2168,0.1284,72.459,76.7213,4.5902,29.7314,33.0278,23.3115,22.4131
ANCHOR_SHARE_BAND,0.90-0.95,275,432.9782,469.6945,0.5504,0.5644,0.075,0.2704,0.1954,0.1271,68.7273,77.0909,9.0909,41.0782,43.1938,26.4727,25.8655
ANCHOR_SHARE_BAND,0.95-1.00,1028,157.8648,198.8395,0.2624,0.2845,0.0053,0.1048,0.0995,0.0892,42.1206,42.5097,55.7393,21.7295,25.9471,21.2782,21.3765
ANCHOR_ORIGIN_LANGUAGE,Bengali,1502,701.7397,761.3768,0.8939,0.8968,0.3716,0.6991,0.3275,0.1175,60.4527,88.5486,2.2636,17.8725,18.5344,16.9774,17.3156
ANCHOR_ORIGIN_LANGUAGE,Hindi,4956,399.299,439.3733,0.4924,0.5061,0.3401,0.3924,0.0523,0.0649,68.1195,54.7619,13.7006,48.292,51.8452,33.2425,31.8495
ANCHOR_ORIGIN_LANGUAGE,Kannada,13,261.3846,286.6923,0.8249,0.8226,0.6616,0.7247,0.0631,0.0233,53.8462,69.2308,0.0,72.8394,78.9428,43.7692,43.3846
ANCHOR_ORIGIN_LANGUAGE,Malayalam,43,448.4186,498.7674,0.8548,0.8509,0.6116,0.7463,0.1346,0.0657,72.093,74.4186,0.0,65.6532,65.1568,37.186,36.3023
ANCHOR_ORIGIN_LANGUAGE,Marathi,119,415.4454,481.7815,0.7842,0.8026,0.5929,0.6415,0.0487,0.0333,59.6639,62.1849,0.0,80.9902,82.6219,44.8151,43.5546
ANCHOR_ORIGIN_LANGUAGE,Punjabi,5,631.2,677.6,0.9784,0.9797,0.6289,0.7498,0.1209,0.0078,40.0,100.0,0.0,75.9014,73.3061,38.2,33.6
ANCHOR_ORIGIN_LANGUAGE,Tamil,237,488.2194,534.1224,0.708,0.7088,0.5233,0.5708,0.0475,0.0623,72.5738,60.3376,0.8439,58.2447,63.2269,34.6962,35.654
ANCHOR_ORIGIN_LANGUAGE,Telugu,1316,633.1535,690.1208,0.8521,0.8552,0.394,0.5463,0.1524,0.1332,73.5562,73.1763,4.5593,24.9083,27.7807,23.1626,23.1246
ANCHOR_ORIGIN_LANGUAGE,Urdu,8,544.5,768.375,0.9864,0.9873,0.4507,0.5595,0.1088,0.0873,87.5,75.0,12.5,69.9918,56.3957,40.25,32.875
