window_label,state_scope,state,opportunity_family,control_type,profiles,benchmark_profiles,avg_qualified_watch_hours,avg_active_days,avg_distinct_meaningful_titles,avg_top_title_qualified_share,completion_measured_profiles,candidate_completion_rate,benchmark_completion_rate,completion_deviation_pp,replay_measured_profiles,candidate_replay14_rate,benchmark_replay14_rate,replay_deviation_pp,min_occupied_cell_profiles,min_occupied_cell_completion_measured_profiles,min_occupied_cell_replay_measured_profiles
BASELINE_90,NEIGHBOURING_STATE,C4_B1,BROAD,ACTIVE_DAYS,296,4261,5.863,10.6115,2.7432,0.5475,232,0.8061,0.685,12.1123,239,0.1759,0.2216,-4.5691,1,1,1
BASELINE_90,NEIGHBOURING_STATE,C4_B1,BROAD,WATCH_HOURS,296,3230,5.863,10.6115,2.7432,0.5475,232,0.8061,0.6705,13.5556,239,0.1759,0.2403,-6.4315,23,23,23
BASELINE_90,NEIGHBOURING_STATE,C4_B1,REGIONAL,ACTIVE_DAYS,160,1656,6.2271,12.05,2.5375,0.5459,142,0.8622,0.7551,10.7028,146,0.1874,0.2217,-3.4318,2,2,2
BASELINE_90,NEIGHBOURING_STATE,C4_B1,REGIONAL,WATCH_HOURS,160,1224,6.2271,12.05,2.5375,0.5459,142,0.8622,0.7506,11.1575,146,0.1874,0.2347,-4.735,19,19,19
BASELINE_90,NEIGHBOURING_STATE,C5_B2,BROAD,ACTIVE_DAYS,325,4261,7.9653,12.6123,4.0462,0.7514,251,0.6671,0.7034,-3.6302,218,0.2833,0.2425,4.0813,3,3,3
BASELINE_90,NEIGHBOURING_STATE,C5_B2,BROAD,WATCH_HOURS,325,4333,7.9653,12.6123,4.0462,0.7514,251,0.6671,0.7043,-3.7274,218,0.2833,0.2541,2.9152,2,2,2
BASELINE_90,NEIGHBOURING_STATE,C5_B2,REGIONAL,ACTIVE_DAYS,99,1248,7.5752,12.7879,3.8687,0.7319,78,0.7065,0.7646,-5.8058,73,0.2819,0.2315,5.0436,20,20,20
BASELINE_90,NEIGHBOURING_STATE,C5_B2,REGIONAL,WATCH_HOURS,99,1224,7.5752,12.7879,3.8687,0.7319,78,0.7065,0.7677,-6.1139,73,0.2819,0.243,3.8905,15,14,13
BASELINE_90,TEST4_ANCHOR,BROAD_DISTRIBUTED,BROAD,ACTIVE_DAYS,1006,3387,126.1878,58.1481,53.9374,0.109,1006,0.8195,0.8234,-0.3852,1006,0.2143,0.2266,-1.2275,1,1,1
BASELINE_90,TEST4_ANCHOR,BROAD_DISTRIBUTED,BROAD,WATCH_HOURS,1006,3303,126.1878,58.1481,53.9374,0.109,1006,0.8195,0.825,-0.5519,1006,0.2143,0.2183,-0.4042,2,2,2
BASELINE_90,TEST4_ANCHOR,BROAD_DISTRIBUTED,REGIONAL,ACTIVE_DAYS,304,825,140.0209,59.9539,48.8849,0.1044,304,0.8817,0.8916,-0.9886,304,0.2261,0.2302,-0.4103,16,16,16
BASELINE_90,TEST4_ANCHOR,BROAD_DISTRIBUTED,REGIONAL,WATCH_HOURS,304,849,140.0209,59.9539,48.8849,0.1044,304,0.8817,0.8906,-0.8892,304,0.2261,0.2339,-0.7798,6,6,6
BASELINE_90,TEST4_ANCHOR,FOCUSED_SUCCESSFUL,BROAD,ACTIVE_DAYS,632,4261,4.8525,8.3196,2.3354,0.8162,305,0.7669,0.6716,9.5285,347,0.203,0.2056,-0.256,1,1,1
BASELINE_90,TEST4_ANCHOR,FOCUSED_SUCCESSFUL,BROAD,WATCH_HOURS,632,3230,4.8525,8.3196,2.3354,0.8162,305,0.7669,0.6523,11.4641,347,0.203,0.2333,-3.0229,20,17,18
BASELINE_90,TEST4_ANCHOR,FOCUSED_SUCCESSFUL,REGIONAL,ACTIVE_DAYS,269,1656,4.727,9.4461,2.1933,0.8079,188,0.828,0.7419,8.6015,209,0.1836,0.2093,-2.5621,1,1,1
BASELINE_90,TEST4_ANCHOR,FOCUSED_SUCCESSFUL,REGIONAL,WATCH_HOURS,269,1224,4.727,9.4461,2.1933,0.8079,188,0.828,0.7316,9.6406,209,0.1836,0.2269,-4.3244,6,4,5
BASELINE_90,TEST4_ANCHOR,SELECTIVE_CORE_ATTACHMENT,BROAD,ACTIVE_DAYS,272,4261,12.6875,20.5919,7.4301,0.5224,272,0.688,0.7461,-5.8103,260,0.3062,0.2723,3.3933,9,9,6
BASELINE_90,TEST4_ANCHOR,SELECTIVE_CORE_ATTACHMENT,BROAD,WATCH_HOURS,272,4333,12.6875,20.5919,7.4301,0.5224,272,0.688,0.7492,-6.1203,260,0.3062,0.2666,3.961,9,9,9
BASELINE_90,TEST4_ANCHOR,SELECTIVE_CORE_ATTACHMENT,REGIONAL,ACTIVE_DAYS,68,1656,14.8826,20.4118,7.1029,0.5263,68,0.6864,0.8057,-11.9302,66,0.3619,0.2596,10.231,6,6,4
BASELINE_90,TEST4_ANCHOR,SELECTIVE_CORE_ATTACHMENT,REGIONAL,WATCH_HOURS,68,1629,14.8826,20.4118,7.1029,0.5263,68,0.6864,0.808,-12.1591,66,0.3619,0.253,10.8829,6,6,4
BASELINE_90,TEST4_ANCHOR,SUCCESSFUL_FIRST_PASS,BROAD,ACTIVE_DAYS,279,4261,9.0991,15.1971,4.6487,0.4023,277,0.738,0.7099,2.814,249,0.2274,0.2483,-2.0907,8,8,8
BASELINE_90,TEST4_ANCHOR,SUCCESSFUL_FIRST_PASS,BROAD,WATCH_HOURS,279,4333,9.0991,15.1971,4.6487,0.4023,277,0.738,0.6994,3.8643,249,0.2274,0.2543,-2.6969,4,4,4
BASELINE_90,TEST4_ANCHOR,SUCCESSFUL_FIRST_PASS,REGIONAL,ACTIVE_DAYS,175,1656,11.3907,16.9429,4.6229,0.3962,171,0.8031,0.7855,1.7606,163,0.2499,0.245,0.4946,15,15,15
BASELINE_90,TEST4_ANCHOR,SUCCESSFUL_FIRST_PASS,REGIONAL,WATCH_HOURS,175,1629,11.3907,16.9429,4.6229,0.3962,171,0.8031,0.7872,1.5928,163,0.2499,0.2477,0.2232,5,5,5
FINAL_90,NEIGHBOURING_STATE,C4_B1,BROAD,ACTIVE_DAYS,278,3486,5.2466,8.0719,2.777,0.5265,100,0.8559,0.7284,12.7504,118,0.1217,0.1212,0.0545,9,9,9
FINAL_90,NEIGHBOURING_STATE,C4_B1,BROAD,WATCH_HOURS,278,3582,5.2466,8.0719,2.777,0.5265,100,0.8559,0.7165,13.9472,118,0.1217,0.1293,-0.7549,3,2,2
FINAL_90,NEIGHBOURING_STATE,C4_B1,REGIONAL,ACTIVE_DAYS,127,1393,4.8933,7.7559,2.7559,0.521,46,0.8493,0.7743,7.5043,51,0.1132,0.1137,-0.0513,2,2,2
FINAL_90,NEIGHBOURING_STATE,C4_B1,REGIONAL,WATCH_HOURS,127,1362,4.8933,7.7559,2.7559,0.521,46,0.8493,0.7636,8.5752,51,0.1132,0.1096,0.3571,1,0,0
FINAL_90,NEIGHBOURING_STATE,C5_B2,BROAD,ACTIVE_DAYS,309,4777,8.7944,13.4822,4.6893,0.6994,213,0.7198,0.74,-2.0185,190,0.177,0.1477,2.9328,6,6,6
FINAL_90,NEIGHBOURING_STATE,C5_B2,BROAD,WATCH_HOURS,309,4835,8.7944,13.4822,4.6893,0.6994,213,0.7198,0.7329,-1.3142,190,0.177,0.1454,3.1618,2,2,2
FINAL_90,NEIGHBOURING_STATE,C5_B2,REGIONAL,ACTIVE_DAYS,83,1811,8.7932,13.2169,4.4699,0.6927,56,0.7241,0.7943,-7.0233,49,0.1653,0.1309,3.4452,3,3,3
FINAL_90,NEIGHBOURING_STATE,C5_B2,REGIONAL,WATCH_HOURS,83,1805,8.7932,13.2169,4.4699,0.6927,56,0.7241,0.7895,-6.5424,49,0.1653,0.1256,3.9774,3,3,3
FINAL_90,TEST4_ANCHOR,BROAD_DISTRIBUTED,BROAD,ACTIVE_DAYS,1077,2656,129.9534,55.6583,67.0836,0.0922,1077,0.8066,0.829,-2.2349,1077,0.1058,0.1062,-0.0383,163,163,163
FINAL_90,TEST4_ANCHOR,BROAD_DISTRIBUTED,BROAD,WATCH_HOURS,1077,2560,129.9534,55.6583,67.0836,0.0922,1077,0.8066,0.8308,-2.4181,1077,0.1058,0.1035,0.2313,124,124,124
FINAL_90,TEST4_ANCHOR,BROAD_DISTRIBUTED,REGIONAL,ACTIVE_DAYS,306,861,133.9791,57.0523,61.1078,0.0911,306,0.8654,0.888,-2.262,306,0.094,0.0966,-0.2649,27,27,27
FINAL_90,TEST4_ANCHOR,BROAD_DISTRIBUTED,REGIONAL,WATCH_HOURS,306,892,133.9791,57.0523,61.1078,0.0911,306,0.8654,0.885,-1.9624,306,0.094,0.0967,-0.2735,16,16,16
FINAL_90,TEST4_ANCHOR,FOCUSED_SUCCESSFUL,BROAD,ACTIVE_DAYS,828,4777,4.7052,7.7089,2.1534,0.8196,293,0.8384,0.7261,11.2289,349,0.1275,0.1194,0.8074,1,1,1
FINAL_90,TEST4_ANCHOR,FOCUSED_SUCCESSFUL,BROAD,WATCH_HOURS,828,3582,4.7052,7.7089,2.1534,0.8196,293,0.8384,0.7062,13.2174,349,0.1275,0.1214,0.6045,10,3,3
FINAL_90,TEST4_ANCHOR,FOCUSED_SUCCESSFUL,REGIONAL,ACTIVE_DAYS,377,1393,4.7644,8.2891,2.0902,0.8215,159,0.8387,0.7708,6.7859,181,0.0985,0.1113,-1.2827,16,11,12
FINAL_90,TEST4_ANCHOR,FOCUSED_SUCCESSFUL,REGIONAL,WATCH_HOURS,377,1805,4.7644,8.2891,2.0902,0.8215,159,0.8387,0.7589,7.9778,181,0.0985,0.1088,-1.0259,1,0,0
FINAL_90,TEST4_ANCHOR,SELECTIVE_CORE_ATTACHMENT,BROAD,ACTIVE_DAYS,280,4777,16.1511,20.9036,9.0893,0.4782,276,0.7127,0.7522,-3.9565,250,0.1757,0.1545,2.1236,9,9,7
FINAL_90,TEST4_ANCHOR,SELECTIVE_CORE_ATTACHMENT,BROAD,WATCH_HOURS,280,4835,16.1511,20.9036,9.0893,0.4782,276,0.7127,0.7537,-4.1048,250,0.1757,0.1551,2.0598,6,6,4
FINAL_90,TEST4_ANCHOR,SELECTIVE_CORE_ATTACHMENT,REGIONAL,ACTIVE_DAYS,82,1811,18.5274,21.5,8.7073,0.4743,80,0.7667,0.8233,-5.6636,75,0.1363,0.1353,0.1031,1,1,0
FINAL_90,TEST4_ANCHOR,SELECTIVE_CORE_ATTACHMENT,REGIONAL,WATCH_HOURS,82,1805,18.5274,21.5,8.7073,0.4743,80,0.7667,0.8236,-5.6921,75,0.1363,0.1393,-0.3011,1,1,0
FINAL_90,TEST4_ANCHOR,SUCCESSFUL_FIRST_PASS,BROAD,ACTIVE_DAYS,286,4777,9.4256,13.0,5.4965,0.3543,223,0.7753,0.7371,3.8159,194,0.1168,0.146,-2.9199,4,4,4
FINAL_90,TEST4_ANCHOR,SUCCESSFUL_FIRST_PASS,BROAD,WATCH_HOURS,286,3582,9.4256,13.0,5.4965,0.3543,223,0.7753,0.7349,4.0418,194,0.1168,0.1504,-3.3654,63,42,20
FINAL_90,TEST4_ANCHOR,SUCCESSFUL_FIRST_PASS,REGIONAL,ACTIVE_DAYS,146,1811,10.7346,13.911,5.3425,0.3448,113,0.8317,0.7979,3.3827,109,0.1109,0.1299,-1.9014,2,2,1
FINAL_90,TEST4_ANCHOR,SUCCESSFUL_FIRST_PASS,REGIONAL,WATCH_HOURS,146,1805,10.7346,13.911,5.3425,0.3448,113,0.8317,0.8064,2.5339,109,0.1109,0.1338,-2.2914,1,1,1
