window_label,control_type,control_quintile,broad_profiles,regional_profiles,broad_avg_control_metric,regional_avg_control_metric,control_metric_difference,broad_avg_other_activity_metric,regional_avg_other_activity_metric,broad_avg_reachable_parent_titles,regional_avg_reachable_parent_titles,reachable_title_difference,broad_avg_meaningful_titles,regional_avg_meaningful_titles,meaningful_title_difference,broad_avg_top_title_share,regional_avg_top_title_share,top_title_share_difference_pp,broad_avg_valid_title_hhi,regional_avg_valid_title_hhi,valid_hhi_difference,broad_avg_meaningful_titles_per_100_reachable,regional_avg_meaningful_titles_per_100_reachable,per_100_reachable_difference
BASELINE_90,WATCH_HOURS,1,1078,429,3.5156,3.5877,0.0721,8.1039,8.6737,913.0,310.958,-602.042,3.2495,2.8834,-0.3661,0.6544,0.6543,-0.0185,0.4546,0.4442,-0.0104,0.3559,1.0328,0.6769
BASELINE_90,WATCH_HOURS,2,1108,398,8.2563,8.229,-0.0273,15.0966,14.6859,913.0,309.1508,-603.8492,4.9468,4.2111,-0.7357,0.5608,0.5677,0.6911,0.4144,0.4162,0.0018,0.5418,1.5292,0.9873
BASELINE_90,WATCH_HOURS,3,1089,417,17.4487,17.8024,0.3537,24.2498,23.3789,913.0,317.1559,-595.8441,8.5335,7.0168,-1.5167,0.4416,0.4142,-2.742,0.3129,0.2965,-0.0163,0.9347,2.4534,1.5187
BASELINE_90,WATCH_HOURS,4,1100,406,39.347,40.1266,0.7796,37.5964,35.1158,913.0,304.266,-608.734,17.6782,13.5837,-4.0944,0.2558,0.2496,-0.6239,0.1544,0.1538,-0.0006,1.9363,5.0126,3.0763
BASELINE_90,WATCH_HOURS,5,1083,423,125.8496,125.006,-0.8436,58.3352,57.0165,913.0,293.844,-619.156,52.2502,41.4988,-10.7514,0.1225,0.1311,0.8619,0.0568,0.062,0.0052,5.7229,15.6071,9.8842
BASELINE_90,ACTIVE_DAYS,1,1092,415,7.2051,7.653,0.4479,4.1328,4.2474,913.0,291.241,-621.759,3.0907,2.9229,-0.1678,0.6781,0.662,-1.6077,0.4822,0.4603,-0.0218,0.3385,1.1326,0.7941
BASELINE_90,ACTIVE_DAYS,2,1066,440,14.6257,14.5545,-0.0712,8.8201,8.9681,913.0,317.85,-595.15,4.9719,4.3,-0.6719,0.5504,0.5475,-0.2951,0.4106,0.394,-0.0167,0.5446,1.5376,0.993
BASELINE_90,ACTIVE_DAYS,3,1081,425,23.9528,23.8565,-0.0964,17.776,19.9135,913.0,310.2376,-602.7624,8.8649,7.7012,-1.1638,0.4237,0.4017,-2.1926,0.2966,0.2804,-0.0162,0.971,2.8453,1.8743
BASELINE_90,ACTIVE_DAYS,4,1105,401,37.5348,37.0574,-0.4775,39.0026,43.4404,913.0,310.8728,-602.1272,17.6995,14.5337,-3.1659,0.2663,0.2445,-2.1836,0.1617,0.1521,-0.0096,1.9386,5.4128,3.4742
BASELINE_90,ACTIVE_DAYS,5,1114,392,58.8654,58.9566,0.0913,121.4428,127.0798,913.0,304.324,-608.676,50.7127,42.6071,-8.1056,0.1277,0.1319,0.4194,0.061,0.0627,0.0017,5.5545,15.7788,10.2243
FINAL_90,WATCH_HOURS,1,1200,480,3.8677,3.7884,-0.0793,7.3083,7.3896,977.0,325.5771,-651.4229,2.99,2.5896,-0.4004,0.6824,0.7093,2.6905,0.4401,0.4485,0.0085,0.306,0.8986,0.5926
FINAL_90,WATCH_HOURS,2,1215,464,9.1798,9.1215,-0.0583,13.8123,13.2672,977.0,333.2392,-643.7608,5.6173,4.8147,-0.8026,0.52,0.5134,-0.6592,0.3667,0.3602,-0.0065,0.575,1.6455,1.0705
FINAL_90,WATCH_HOURS,3,1233,446,19.1188,19.3107,0.1919,22.6131,21.639,977.0,334.2399,-642.7601,10.8256,9.0179,-1.8077,0.3533,0.3397,-1.3577,0.2272,0.2178,-0.0094,1.108,3.038,1.93
FINAL_90,WATCH_HOURS,4,1250,429,43.1405,42.0173,-1.1232,35.6752,33.5781,977.0,332.0793,-644.9207,22.8456,18.3543,-4.4913,0.2105,0.2171,0.666,0.1102,0.1191,0.0089,2.3383,6.2859,3.9476
FINAL_90,WATCH_HOURS,5,1244,435,131.4862,123.9963,-7.4899,56.9301,55.6483,977.0,330.2736,-646.7264,64.9686,53.708,-11.2606,0.1222,0.1269,0.4639,0.0483,0.0514,0.0031,6.6498,18.4513,11.8014
FINAL_90,ACTIVE_DAYS,1,1202,478,6.5083,6.6297,0.1214,4.4833,4.4522,977.0,333.477,-643.523,3.0424,2.772,-0.2705,0.672,0.682,1.0023,0.4355,0.4271,-0.0084,0.3114,0.9389,0.6275
FINAL_90,ACTIVE_DAYS,2,1184,495,13.3091,13.198,-0.1111,9.7454,9.8343,977.0,330.7535,-646.2465,5.7762,5.0505,-0.7257,0.5136,0.5112,-0.2407,0.3533,0.3444,-0.009,0.5912,1.715,1.1238
FINAL_90,ACTIVE_DAYS,3,1211,468,22.3377,22.3974,0.0597,19.2954,21.4918,977.0,327.3782,-649.6218,11.0941,9.8868,-1.2074,0.3619,0.3367,-2.5116,0.2348,0.2132,-0.0216,1.1355,3.4083,2.2728
FINAL_90,ACTIVE_DAYS,4,1282,397,35.4922,35.3048,-0.1874,43.0747,45.3687,977.0,334.1108,-642.8892,22.7832,19.932,-2.8512,0.2228,0.2194,-0.3401,0.1203,0.1203,0.0,2.3319,6.7836,4.4517
FINAL_90,ACTIVE_DAYS,5,1263,416,57.574,57.1298,-0.4442,127.7488,123.9459,977.0,329.6202,-647.3798,63.3413,53.7764,-9.5648,0.1281,0.1318,0.3671,0.052,0.0541,0.0021,6.4832,18.4779,11.9947
