window_label,access_regime,reachable_parent_titles_at_least_once,mean_daily_reachable_parent_titles,multilingual_title_count,multilingual_title_pct,mean_accessible_audio_languages_per_reachable_title,accessible_title_days,multilingual_title_days,day_weighted_multilingual_pct,day_weighted_mean_accessible_audio_language_count
BASELINE_90,BROAD,913,860.3,502,54.9836,1.8839,77427,42156,54.4461,1.876
BASELINE_90,REGIONAL_Bengali,186,175.3556,150,80.6452,2.6667,15782,12709,80.5285,2.6653
BASELINE_90,REGIONAL_Hindi,449,423.6556,278,61.9154,2.049,38129,23272,61.0349,2.028
BASELINE_90,REGIONAL_Kannada,189,181.4889,169,89.418,2.7302,16334,14624,89.531,2.7474
BASELINE_90,REGIONAL_Malayalam,194,179.7333,169,87.1134,2.6392,16176,14081,87.0487,2.6375
BASELINE_90,REGIONAL_Marathi,207,193.9556,167,80.6763,2.5266,17456,13976,80.0642,2.5177
BASELINE_90,REGIONAL_Tamil,242,222.7333,179,73.9669,2.4339,20046,14767,73.6656,2.4266
BASELINE_90,REGIONAL_Telugu,219,204.9111,176,80.3653,2.5205,18442,14835,80.4414,2.5075
FINAL_90,BROAD,977,912.3667,538,55.0665,1.9007,82113,45019,54.8257,1.89
FINAL_90,REGIONAL_Bengali,196,184.1,159,81.1224,2.7092,16569,13314,80.3549,2.6879
FINAL_90,REGIONAL_Hindi,473,440.5333,293,61.945,2.0634,39648,24652,62.1772,2.0616
FINAL_90,REGIONAL_Kannada,212,195.0667,188,88.6792,2.7547,17556,15661,89.206,2.7453
FINAL_90,REGIONAL_Malayalam,210,195.8889,183,87.1429,2.7048,17630,15361,87.1299,2.6724
FINAL_90,REGIONAL_Marathi,226,210.5556,180,79.646,2.5221,18950,15094,79.6517,2.5077
FINAL_90,REGIONAL_Tamil,266,245.7778,197,74.0602,2.4699,22120,16125,72.8978,2.4261
FINAL_90,REGIONAL_Telugu,239,220.2444,196,82.0084,2.5732,19822,16164,81.5458,2.5597
