window_label,entitlement_timing,opportunity_regime,profiles,avg_reachable_titles_in_window,min_reachable_titles_in_window,max_reachable_titles_in_window,avg_reachable_titles_per_day,avg_meaningful_titles,avg_meaningful_titles_per_100_reachable,avg_top_title_share,avg_valid_title_hhi,hhi_valid_profiles,avg_qualified_watch_hours,avg_active_days
BASELINE_90,FULL_90,MIXED_ACCESS,264,903.2538,850,913,592.1726,16.6629,1.8454,0.3698,0.2325,244,45.3049,30.9015
BASELINE_90,FULL_90,STABLE_BROAD,5458,913.0,913,913,860.3,17.2792,1.8926,0.4071,0.2647,5031,38.7534,28.6559
BASELINE_90,FULL_90,STABLE_REGIONAL_Bengali,194,186.0,186,186,175.3556,15.6804,8.4303,0.3526,0.1986,165,55.0668,31.1443
BASELINE_90,FULL_90,STABLE_REGIONAL_Hindi,841,449.0,449,449,423.6556,14.9441,3.3283,0.3862,0.2479,749,37.1725,28.2378
BASELINE_90,FULL_90,STABLE_REGIONAL_Kannada,157,189.0,189,189,181.4889,14.9045,7.886,0.4272,0.2568,138,44.5269,26.7516
BASELINE_90,FULL_90,STABLE_REGIONAL_Malayalam,174,194.0,194,194,179.7333,12.2644,6.3218,0.4658,0.2707,142,41.4071,26.3276
BASELINE_90,FULL_90,STABLE_REGIONAL_Marathi,198,207.0,207,207,193.9556,12.3838,5.9825,0.4411,0.2708,170,34.98,27.3838
BASELINE_90,FULL_90,STABLE_REGIONAL_Tamil,302,242.0,242,242,222.7333,11.8411,4.893,0.3965,0.2638,277,34.9603,25.8079
BASELINE_90,FULL_90,STABLE_REGIONAL_Telugu,207,219.0,219,219,204.9111,13.5072,6.1677,0.4235,0.2583,175,37.595,28.5169
BASELINE_90,PARTIAL,MIXED_ACCESS,11,883.1818,839,913,567.0674,16.4545,1.8705,0.3324,0.1749,10,41.6448,28.7273
BASELINE_90,PARTIAL,STABLE_BROAD,629,910.4229,861,913,866.9956,12.124,1.3305,0.4919,0.3146,539,27.0313,20.159
BASELINE_90,PARTIAL,STABLE_REGIONAL_Bengali,36,185.4444,183,186,176.0937,9.3889,5.0617,0.4061,0.2108,25,33.1045,21.0833
BASELINE_90,PARTIAL,STABLE_REGIONAL_Hindi,133,447.5263,424,449,425.3792,9.5639,2.1367,0.4652,0.2814,109,23.2892,20.188
BASELINE_90,PARTIAL,STABLE_REGIONAL_Kannada,28,188.4286,183,189,182.0826,7.75,4.1103,0.5956,0.3098,19,21.5028,16.3214
BASELINE_90,PARTIAL,STABLE_REGIONAL_Malayalam,25,193.16,189,194,181.5567,6.96,3.6013,0.523,0.2949,18,22.0468,16.36
BASELINE_90,PARTIAL,STABLE_REGIONAL_Marathi,27,206.3333,202,207,195.0406,11.2593,5.4479,0.5404,0.3153,21,29.0428,19.2963
BASELINE_90,PARTIAL,STABLE_REGIONAL_Tamil,39,239.7179,220,242,224.0711,7.2051,3.0371,0.4577,0.3083,33,19.6628,16.9487
BASELINE_90,PARTIAL,STABLE_REGIONAL_Telugu,38,217.3421,204,219,206.1527,8.2105,3.7706,0.5466,0.3607,32,19.7948,18.1316
FINAL_90,FULL_90,MIXED_ACCESS,280,957.7643,916,977,591.6651,21.325,2.2258,0.3334,0.1816,254,45.3426,29.075
FINAL_90,FULL_90,STABLE_BROAD,6142,977.0,977,977,912.3667,21.6768,2.2187,0.3747,0.2151,5531,41.8207,27.4909
FINAL_90,FULL_90,STABLE_REGIONAL_Bengali,197,196.0,196,196,184.1,19.1574,9.7742,0.3693,0.1862,171,42.8138,27.2132
FINAL_90,FULL_90,STABLE_REGIONAL_Hindi,942,473.0,473,473,440.5333,17.9469,3.7943,0.3713,0.2101,835,38.1644,25.9565
FINAL_90,FULL_90,STABLE_REGIONAL_Kannada,175,212.0,212,212,195.0667,18.2171,8.593,0.3639,0.2013,155,43.2242,25.3657
FINAL_90,FULL_90,STABLE_REGIONAL_Malayalam,191,210.0,210,210,195.8889,15.3037,7.2875,0.4129,0.2211,161,35.7103,25.0157
FINAL_90,FULL_90,STABLE_REGIONAL_Marathi,201,226.0,226,226,210.5556,16.3682,7.2425,0.4315,0.2409,171,37.3045,26.01
FINAL_90,FULL_90,STABLE_REGIONAL_Tamil,308,266.0,266,266,245.7778,15.2695,5.7404,0.4139,0.2416,268,36.4575,24.8669
FINAL_90,FULL_90,STABLE_REGIONAL_Telugu,240,239.0,239,239,220.2444,16.4667,6.8898,0.4135,0.2295,202,38.0418,25.2083
FINAL_90,PARTIAL,MIXED_ACCESS,43,946.8605,923,966,594.0285,11.6047,1.2271,0.4008,0.2289,37,29.1914,20.9302
FINAL_90,PARTIAL,STABLE_BROAD,692,964.2543,922,977,916.4141,12.3078,1.2734,0.434,0.2791,619,26.377,18.9653
FINAL_90,PARTIAL,STABLE_REGIONAL_Bengali,26,194.7308,192,196,184.8786,9.0769,4.6651,0.4629,0.2698,21,28.0587,19.4615
FINAL_90,PARTIAL,STABLE_REGIONAL_Hindi,132,467.197,451,473,441.0161,10.5,2.2405,0.4603,0.2684,106,24.0001,17.2045
FINAL_90,PARTIAL,STABLE_REGIONAL_Kannada,22,209.0909,200,212,196.4714,9.5,4.5358,0.4429,0.2655,19,23.8039,17.4545
FINAL_90,PARTIAL,STABLE_REGIONAL_Malayalam,28,208.7857,204,210,197.0387,8.5357,4.0848,0.4913,0.2863,22,21.0287,17.6429
FINAL_90,PARTIAL,STABLE_REGIONAL_Marathi,43,223.8605,218,226,211.833,9.3488,4.1658,0.4773,0.2824,37,23.8737,19.7209
FINAL_90,PARTIAL,STABLE_REGIONAL_Tamil,42,263.0714,248,266,247.0319,9.6429,3.6483,0.4267,0.283,37,24.3759,19.3095
FINAL_90,PARTIAL,STABLE_REGIONAL_Telugu,58,237.1552,222,239,221.5081,10.8448,4.5669,0.4398,0.2828,52,24.8642,19.2759
