language,titles_of_this_origin,pct_of_parent_titles_of_this_origin,multilingual_titles_of_this_origin,multilingual_pct_of_this_origin,mean_audio_languages_on_titles_of_this_origin,titles_offering_this_audio,pct_of_parent_titles_offering_this_audio,audio_to_origin_title_ratio
Hindi,428,42.8,246,57.4766,1.9206,486,48.6,1.1355
Tamil,158,15.8,88,55.6962,1.9241,271,27.1,1.7152
Telugu,107,10.7,62,57.9439,1.9626,245,24.5,2.2897
Marathi,95,9.5,49,51.5789,1.8526,234,23.4,2.4632
Kannada,44,4.4,20,45.4545,1.6364,216,21.6,4.9091
Malayalam,60,6.0,33,55.0,1.9,215,21.5,3.5833
Bengali,72,7.2,34,47.2222,1.7361,201,20.1,2.7917
Punjabi,21,2.1,13,61.9048,2.1429,21,2.1,1.0
Urdu,13,1.3,8,61.5385,2.1538,13,1.3,1.0
English,2,0.2,2,100.0,4.0,2,0.2,1.0
